[{
    "name": "Can't Take My Eye Off You",
    "source": "videos/CTOMEOY.mp4",
    "thumbnail": "images/thumbnail/thumbnail-CTOMEDY.PNG",
    "topic":1
}, {
    "name": "Can We Kiss Forever",
    "source": "videos/CWKF.mp4",
    "thumbnail": "images/thumbnail/thumbnail-CWKF.PNG",
    "topic":1
}, {
    "name": "Love Me 3000",
    "source": "videos/LM3000.mp4",
    "thumbnail": "images/thumbnail/thumbnail-LM3000.PNG",
    "topic":1
}, {
    "name": "Wonderful World",
    "source": "videos/WAWW.mp4",
    "thumbnail": "images/thumbnail/thumbnail-WWAW.PNG",
    "topic":1
}]